{"_timestamp":1.766463783738545e+09,"train_steps_per_second":0.088,"_runtime":2293,"train/train_tokens_per_second":0,"eval/steps_per_second":1.605,"train_samples_per_second":2.819,"train/global_step":200,"train/loss":0.3615,"train_runtime":2270.0939,"train/epoch":5,"_step":24,"train/num_input_tokens_seen":0,"train/learning_rate":2.2845726541309565e-10,"eval/loss":0.660631537437439,"total_flos":1.503363692840878e+17,"_wandb":{"runtime":2293},"eval/samples_per_second":44.934,"train/grad_norm":0.1948826014995575,"eval/runtime":3.1157,"train_loss":0.622965692281723}