{"train_samples_per_second":1.185,"train/train_tokens_per_second":0,"train/loss":1.4746,"train_loss":1.098116742240058,"_timestamp":1.7642464597563558e+09,"eval/runtime":0.4018,"total_flos":1.1834485494513664e+16,"train_runtime":236.2067,"eval/loss":0.6159927845001221,"eval/steps_per_second":2.489,"train/grad_norm":5.138484001159668,"train/num_input_tokens_seen":0,"train/learning_rate":5.9754516100806423e-05,"train/global_step":18,"train/epoch":2,"_wandb":{"runtime":259},"eval/samples_per_second":39.816,"train_steps_per_second":0.076,"_step":4,"_runtime":243.79623362}