{"train/grad_norm":0.8444383144378662,"eval/runtime":1.2338,"_runtime":619,"train/global_step":170,"_wandb":{"runtime":619},"total_flos":1.4634098588909568e+17,"_timestamp":1.7664600547378056e+09,"train/train_tokens_per_second":0,"train/learning_rate":3.162007446129711e-10,"train/num_input_tokens_seen":0,"train/epoch":5,"train_runtime":596.6316,"train_steps_per_second":0.285,"_step":21,"train/loss":0.2578,"eval/samples_per_second":97.259,"eval/steps_per_second":3.242,"eval/loss":0.7287312746047974,"train_loss":0.5509828890071196,"train_samples_per_second":9.051}