{"eval/steps_per_second":3.957,"_wandb":{"runtime":247},"train_loss":0.563235152726886,"eval/loss":0.6718221306800842,"train_samples_per_second":11.558,"train/loss":0.2774,"train/epoch":3,"train/num_input_tokens_seen":0,"train/grad_norm":0.14250345528125763,"total_flos":6.097433053573939e+16,"_runtime":247,"train_runtime":233.599,"eval/samples_per_second":98.934,"train/global_step":87,"_timestamp":1.7664583067893288e+09,"train/train_tokens_per_second":0,"train_steps_per_second":0.372,"_step":9,"train/learning_rate":2.330180397253473e-07,"eval/runtime":1.0108}