{"_step":12,"eval/steps_per_second":3.936,"train/train_tokens_per_second":0,"_runtime":358,"train/num_input_tokens_seen":0,"eval/loss":0.7176381349563599,"_wandb":{"runtime":358},"train_steps_per_second":0.305,"train_runtime":334.4091,"train/global_step":102,"train/grad_norm":0.13547226786613464,"_timestamp":1.7664589546661189e+09,"eval/samples_per_second":118.08,"train/epoch":3,"eval/runtime":1.0163,"train/loss":0.2784,"train/learning_rate":2.4076366639015914e-08,"train_loss":0.5563920859028312,"train_samples_per_second":9.689,"total_flos":7.574258054909133e+16}