{"eval/samples_per_second":39.938,"eval/steps_per_second":2.496,"eval/loss":0.5053499341011047,"_timestamp":1.7642456712442288e+09,"train/loss":0.5871,"eval/runtime":0.4006,"_runtime":251.859727065,"train_runtime":246.9791,"train/learning_rate":1.134947733186315e-05,"train/num_input_tokens_seen":0,"train/grad_norm":2.956977128982544,"train_steps_per_second":0.146,"total_flos":1.1030798262075392e+16,"train/epoch":2,"train_loss":0.8281011548307207,"train/global_step":36,"train_samples_per_second":1.134,"_wandb":{"runtime":267},"_step":7,"train/train_tokens_per_second":0}