{"_step":9,"_timestamp":1.7653408789171238e+09,"train_samples_per_second":9.979,"train_steps_per_second":0.313,"train/learning_rate":9.851316597681959e-08,"train/loss":0.3136,"train/train_tokens_per_second":0,"total_flos":6.286557267676365e+16,"train_loss":0.4852047718706585,"train_runtime":268.4539,"train/epoch":3,"train/global_step":84,"train/num_input_tokens_seen":0,"eval/samples_per_second":104.538,"_wandb":{"runtime":289},"_runtime":289,"eval/runtime":0.9566,"train/grad_norm":0.13181272149085999,"eval/steps_per_second":4.182,"eval/loss":0.36501365900039673}